{"cameraMode":{"drawMode":0,"name":"Shaded","section":"Shading Mode"},"sceneLighting":true,"audioPlay":false,"sceneViewState":{"m_AlwaysRefresh":false,"showFog":true,"showSkybox":true,"showFlares":true,"showImageEffects":true,"showParticleSystems":true,"showVisualEffectGraphs":true,"m_FxEnabled":true},"in2DMode":false,"pivot":{"x":-1.191070556640625,"y":13.763656616210938,"z":-1.8040580749511719},"rotation":{"x":0.011534104123711586,"y":0.7485213279724121,"z":-0.013024351559579373,"w":0.6628827452659607},"size":21.36673927307129,"orthographic":true}